-- phpMyAdmin SQL Dump
-- version 5.0.2
-- https://www.phpmyadmin.net/
--
-- Servidor: 127.0.0.1
-- Tiempo de generación: 20-06-2020 a las 05:08:49
-- Versión del servidor: 10.4.11-MariaDB
-- Versión de PHP: 7.4.5

SET SQL_MODE = "NO_AUTO_VALUE_ON_ZERO";
START TRANSACTION;
SET time_zone = "+00:00";


/*!40101 SET @OLD_CHARACTER_SET_CLIENT=@@CHARACTER_SET_CLIENT */;
/*!40101 SET @OLD_CHARACTER_SET_RESULTS=@@CHARACTER_SET_RESULTS */;
/*!40101 SET @OLD_COLLATION_CONNECTION=@@COLLATION_CONNECTION */;
/*!40101 SET NAMES utf8mb4 */;

--
-- Base de datos: `citas`
--

-- --------------------------------------------------------

--
-- Estructura de tabla para la tabla `citas`
--

CREATE TABLE `citas` (
  `CitNumero` int(11) NOT NULL,
  `CitFecha` date NOT NULL,
  `CitHora` varchar(10) NOT NULL,
  `CitPaciente` char(10) NOT NULL,
  `CitMedico` char(10) NOT NULL,
  `CitConsultorio` int(3) NOT NULL,
  `CitEstado` enum('Asignada','Cumplida','Solicitada','Cancelada') NOT NULL DEFAULT 'Asignada'
) ENGINE=InnoDB DEFAULT CHARSET=latin1;

--
-- Volcado de datos para la tabla `citas`
--

INSERT INTO `citas` (`CitNumero`, `CitFecha`, `CitHora`, `CitPaciente`, `CitMedico`, `CitConsultorio`, `CitEstado`) VALUES
(4, '2020-06-18', '08:00:00', '1018437008', '12345', 1, 'Solicitada'),
(5, '2020-06-20', '08:00:00', '1018437008', '12345', 2, 'Solicitada'),
(6, '2020-06-25', '08:40:00', '1018437008', '12345', 2, 'Solicitada'),
(7, '2020-06-25', '08:40:00', '1018437008', '12345', 2, 'Solicitada'),
(8, '2020-07-08', '11:40:00', '1018437008', '12345', 1, 'Solicitada');

-- --------------------------------------------------------

--
-- Estructura de tabla para la tabla `consultorios`
--

CREATE TABLE `consultorios` (
  `ConNumero` int(3) NOT NULL,
  `ConNombre` varchar(50) NOT NULL
) ENGINE=InnoDB DEFAULT CHARSET=latin1;

--
-- Volcado de datos para la tabla `consultorios`
--

INSERT INTO `consultorios` (`ConNumero`, `ConNombre`) VALUES
(1, 'Consultas'),
(2, 'Tratamientos');

-- --------------------------------------------------------

--
-- Estructura de tabla para la tabla `horas`
--

CREATE TABLE `horas` (
  `hora` time DEFAULT NULL
) ENGINE=InnoDB DEFAULT CHARSET=utf8mb4;

--
-- Volcado de datos para la tabla `horas`
--

INSERT INTO `horas` (`hora`) VALUES
('08:00:00'),
('08:20:00'),
('08:40:00'),
('09:00:00'),
('09:20:00'),
('09:40:00'),
('10:00:00'),
('10:20:00'),
('10:40:00'),
('11:00:00'),
('11:20:00'),
('11:40:00');

-- --------------------------------------------------------

--
-- Estructura de tabla para la tabla `medicos`
--

CREATE TABLE `medicos` (
  `MedIdentificacion` char(10) NOT NULL,
  `MedNombres` varchar(50) NOT NULL,
  `MedApellidos` varchar(50) NOT NULL
) ENGINE=InnoDB DEFAULT CHARSET=latin1;

--
-- Volcado de datos para la tabla `medicos`
--

INSERT INTO `medicos` (`MedIdentificacion`, `MedNombres`, `MedApellidos`) VALUES
('12345', 'Pepito', 'Perez'),
('6789', 'Pepita', 'Mendieta');

-- --------------------------------------------------------

--
-- Estructura de tabla para la tabla `pacientes`
--

CREATE TABLE `pacientes` (
  `PacIdentificacion` char(10) NOT NULL,
  `PacNombres` varchar(50) NOT NULL,
  `PacApellidos` varchar(50) DEFAULT NULL,
  `PacFechaNacimiento` date NOT NULL,
  `PacSexo` enum('M','F') NOT NULL
) ENGINE=InnoDB DEFAULT CHARSET=latin1;

--
-- Volcado de datos para la tabla `pacientes`
--

INSERT INTO `pacientes` (`PacIdentificacion`, `PacNombres`, `PacApellidos`, `PacFechaNacimiento`, `PacSexo`) VALUES
('1018437008', 'Mario', 'Bros', '1990-07-12', 'M');

-- --------------------------------------------------------

--
-- Estructura de tabla para la tabla `tratamientos`
--

CREATE TABLE `tratamientos` (
  `TraNumero` int(11) NOT NULL,
  `TraFechaAsignado` date NOT NULL,
  `TraDescripcion` text NOT NULL,
  `TraFechaInicio` date NOT NULL,
  `TraFechaFin` date NOT NULL,
  `TraObservaciones` text NOT NULL,
  `TraPaciente` char(10) NOT NULL
) ENGINE=InnoDB DEFAULT CHARSET=latin1;

--
-- Índices para tablas volcadas
--

--
-- Indices de la tabla `citas`
--
ALTER TABLE `citas`
  ADD PRIMARY KEY (`CitNumero`),
  ADD KEY `CitPaciente` (`CitPaciente`),
  ADD KEY `CitMedico` (`CitMedico`),
  ADD KEY `CitConsultorio` (`CitConsultorio`);

--
-- Indices de la tabla `consultorios`
--
ALTER TABLE `consultorios`
  ADD PRIMARY KEY (`ConNumero`);

--
-- Indices de la tabla `medicos`
--
ALTER TABLE `medicos`
  ADD PRIMARY KEY (`MedIdentificacion`);

--
-- Indices de la tabla `pacientes`
--
ALTER TABLE `pacientes`
  ADD PRIMARY KEY (`PacIdentificacion`);

--
-- Indices de la tabla `tratamientos`
--
ALTER TABLE `tratamientos`
  ADD PRIMARY KEY (`TraNumero`),
  ADD KEY `TraPaciente` (`TraPaciente`);

--
-- AUTO_INCREMENT de las tablas volcadas
--

--
-- AUTO_INCREMENT de la tabla `citas`
--
ALTER TABLE `citas`
  MODIFY `CitNumero` int(11) NOT NULL AUTO_INCREMENT, AUTO_INCREMENT=9;

--
-- AUTO_INCREMENT de la tabla `tratamientos`
--
ALTER TABLE `tratamientos`
  MODIFY `TraNumero` int(11) NOT NULL AUTO_INCREMENT, AUTO_INCREMENT=6;

--
-- Restricciones para tablas volcadas
--

--
-- Filtros para la tabla `citas`
--
ALTER TABLE `citas`
  ADD CONSTRAINT `citas_ibfk_1` FOREIGN KEY (`CitPaciente`) REFERENCES `pacientes` (`PacIdentificacion`),
  ADD CONSTRAINT `citas_ibfk_2` FOREIGN KEY (`CitMedico`) REFERENCES `medicos` (`MedIdentificacion`),
  ADD CONSTRAINT `citas_ibfk_3` FOREIGN KEY (`CitConsultorio`) REFERENCES `consultorios` (`ConNumero`);

--
-- Filtros para la tabla `tratamientos`
--
ALTER TABLE `tratamientos`
  ADD CONSTRAINT `Tratamientos_ibfk_1` FOREIGN KEY (`TraPaciente`) REFERENCES `pacientes` (`PacIdentificacion`);
COMMIT;

/*!40101 SET CHARACTER_SET_CLIENT=@OLD_CHARACTER_SET_CLIENT */;
/*!40101 SET CHARACTER_SET_RESULTS=@OLD_CHARACTER_SET_RESULTS */;
/*!40101 SET COLLATION_CONNECTION=@OLD_COLLATION_CONNECTION */;
